pop_id,name
5cd7a3ff-4dc9-4395-a7b3-5a821b69b4e3,PIRACAIA/SP
856d2740-bc9c-43f7-b7c7-08362fbbc3cc,ATIBAIA/SP
f5333547-e064-4c50-9460-a6550f8d3beb,ATIBAIA/SP
108d7f7e-4ba7-4e33-9c9a-1ee717b8cecd,ATIBAIA/SP
bdde8747-9080-4ca1-9f4f-99bc10bd066d,dasdasdasdasda
434250ff-52a2-4130-aada-370913fd4d3f,ATIBAIA/SP
43ad3385-96b6-4a50-a04b-f815da790dfe,ATIBAIA/SP
6915dd12-3e30-4f93-add4-0f2435133309,ATIBAIA/SP
c2293e89-a3b6-432e-beb0-b7abfa60a0e2,ATIBAIA/SP
6c92e548-72a5-447d-a409-1c3a0a9bc997,ATIBAIA/SP
130e70be-3672-4acc-9c98-ad52abb2cebb,ATIBAIA/SP
f35f0db0-8624-4258-96c1-e997c519a3a4,ATIBAIA/SP
965590d3-74f7-4f0b-ab94-4c5b7a8c3154,ATIBAIA/SP
c46a97cf-32db-456b-8935-95049f1c2361,ATIBAIA/SP
60b27361-a44b-4d25-ae65-3e786b27a778,ATIBAIA/SP
2d9dbba2-2b8f-445c-a719-fecdfa6b2d16,ATIBAIA/SP
90f27b8e-0dbf-47fb-b0b7-62512fd79282,ATIBAIA/SP
45cb725a-0b80-4cdd-813c-8be55608f38d,dasdasdasdasda
03ecfabf-bdf0-48ec-8ca9-0b9fcf9b4d01,ATIBAIA/SP
c334934a-1e9e-4655-bf65-c1567ee6bce4,ATIBAIA/SP
e8e14d70-dca7-4034-b5b3-e608a7e9d68b,ATIBAIA/SP
312ad159-2eb2-49e3-9f2c-95ba01c61bd0,PIRACAIA/SP
0f9d812d-444e-40f0-a2bb-d3e56f7d7eeb,ATIBAIA/SP
02d90316-8789-47e2-aba0-7c3686ed8a3f,ATIBAIA/SP
